source_file,source_format,election_id,election_year,election_type,round_number,department_code,department_name,canton_code,canton_name,circonscription_code,circonscription_name,commune_code,commune_name,polling_station_code,polling_station_ref,inscrits,abstentions,votants,blancs,nuls,exprimes,abstentions_pct_inscrits,votants_pct_inscrits,blancs_pct_inscrits,blancs_pct_votants,nuls_pct_inscrits,nuls_pct_votants,exprimes_pct_inscrits,exprimes_pct_votants
data/elections/cantonales/cantonales_2011_1er_tour.csv,ministere_bv_csv,2011_cant_t1,2011,cantonales,1,66,Pyrénées-Orientales,,,,,66028,Cabestany,0001,66028_0001,1048,571,477,,10,467,54.48,45.52,,,0.95,2.1,44.56,97.9
data/elections/cantonales/cantonales_2011_1er_tour.csv,ministere_bv_csv,2011_cant_t1,2011,cantonales,1,66,Pyrénées-Orientales,,,,,66028,Cabestany,0002,66028_0002,970,495,475,,10,465,51.03,48.97,,,1.03,2.11,47.94,97.89
data/elections/cantonales/cantonales_2011_1er_tour.csv,ministere_bv_csv,2011_cant_t1,2011,cantonales,1,66,Pyrénées-Orientales,,,,,66028,Cabestany,0003,66028_0003,853,454,399,,6,393,53.22,46.78,,,0.7,1.5,46.07,98.5
data/elections/cantonales/cantonales_2011_1er_tour.csv,ministere_bv_csv,2011_cant_t1,2011,cantonales,1,66,Pyrénées-Orientales,,,,,66028,Cabestany,0004,66028_0004,996,513,483,,8,475,51.51,48.49,,,0.8,1.66,47.69,98.34
data/elections/cantonales/cantonales_2011_1er_tour.csv,ministere_bv_csv,2011_cant_t1,2011,cantonales,1,66,Pyrénées-Orientales,,,,,66028,Cabestany,0005,66028_0005,1120,583,537,,6,531,52.05,47.95,,,0.54,1.12,47.41,98.88
data/elections/cantonales/cantonales_2011_1er_tour.csv,ministere_bv_csv,2011_cant_t1,2011,cantonales,1,66,Pyrénées-Orientales,,,,,66028,Cabestany,0006,66028_0006,1028,567,461,,6,455,55.16,44.84,,,0.58,1.3,44.26,98.7
data/elections/cantonales/cantonales_2011_1er_tour.csv,ministere_bv_csv,2011_cant_t1,2011,cantonales,1,66,Pyrénées-Orientales,,,,,66028,Cabestany,0007,66028_0007,1163,628,535,,11,524,54,46,,,0.95,2.06,45.06,97.94
data/elections/cantonales/cantonales_2011_2eme_tour.csv,ministere_bv_csv,2011_cant_t2,2011,cantonales,2,66,Pyrénées-Orientales,,,,,66028,Cabestany,0001,66028_0001,1048,515,533,,26,507,49.14,50.86,,,2.48,4.88,48.38,95.12
data/elections/cantonales/cantonales_2011_2eme_tour.csv,ministere_bv_csv,2011_cant_t2,2011,cantonales,2,66,Pyrénées-Orientales,,,,,66028,Cabestany,0002,66028_0002,970,454,516,,30,486,46.8,53.2,,,3.09,5.81,50.1,94.19
data/elections/cantonales/cantonales_2011_2eme_tour.csv,ministere_bv_csv,2011_cant_t2,2011,cantonales,2,66,Pyrénées-Orientales,,,,,66028,Cabestany,0003,66028_0003,853,401,452,,23,429,47.01,52.99,,,2.7,5.09,50.29,94.91
data/elections/cantonales/cantonales_2011_2eme_tour.csv,ministere_bv_csv,2011_cant_t2,2011,cantonales,2,66,Pyrénées-Orientales,,,,,66028,Cabestany,0004,66028_0004,996,458,538,,28,510,45.98,54.02,,,2.81,5.2,51.2,94.8
data/elections/cantonales/cantonales_2011_2eme_tour.csv,ministere_bv_csv,2011_cant_t2,2011,cantonales,2,66,Pyrénées-Orientales,,,,,66028,Cabestany,0005,66028_0005,1120,542,578,,24,554,48.39,51.61,,,2.14,4.15,49.46,95.85
data/elections/cantonales/cantonales_2011_2eme_tour.csv,ministere_bv_csv,2011_cant_t2,2011,cantonales,2,66,Pyrénées-Orientales,,,,,66028,Cabestany,0006,66028_0006,1028,495,533,,10,523,48.15,51.85,,,0.97,1.88,50.88,98.12
data/elections/cantonales/cantonales_2011_2eme_tour.csv,ministere_bv_csv,2011_cant_t2,2011,cantonales,2,66,Pyrénées-Orientales,,,,,66028,Cabestany,0007,66028_0007,1163,605,558,,26,532,52.02,47.98,,,2.24,4.66,45.74,95.34
data/elections/departementales/departementales_2015_1er_tour.csv,ministere_bv_csv,2015_dpmt_t1,2015,departementales,1,66,Pyrénées-Orientales,08,Perpignan-3,,,66028,Cabestany,0001,66028_0001,1340,591,749,,33,716,44.1,55.9,,,2.46,4.41,53.43,95.59
data/elections/departementales/departementales_2015_1er_tour.csv,ministere_bv_csv,2015_dpmt_t1,2015,departementales,1,66,Pyrénées-Orientales,08,Perpignan-3,,,66028,Cabestany,0002,66028_0002,1029,437,592,,18,574,42.47,57.53,,,1.75,3.04,55.78,96.96
data/elections/departementales/departementales_2015_1er_tour.csv,ministere_bv_csv,2015_dpmt_t1,2015,departementales,1,66,Pyrénées-Orientales,08,Perpignan-3,,,66028,Cabestany,0003,66028_0003,832,365,467,,19,448,43.87,56.13,,,2.28,4.07,53.85,95.93
data/elections/departementales/departementales_2015_1er_tour.csv,ministere_bv_csv,2015_dpmt_t1,2015,departementales,1,66,Pyrénées-Orientales,08,Perpignan-3,,,66028,Cabestany,0004,66028_0004,1068,437,631,,26,605,40.92,59.08,,,2.43,4.12,56.65,95.88
data/elections/departementales/departementales_2015_1er_tour.csv,ministere_bv_csv,2015_dpmt_t1,2015,departementales,1,66,Pyrénées-Orientales,08,Perpignan-3,,,66028,Cabestany,0005,66028_0005,1201,521,680,,22,658,43.38,56.62,,,1.83,3.24,54.79,96.76
data/elections/departementales/departementales_2015_1er_tour.csv,ministere_bv_csv,2015_dpmt_t1,2015,departementales,1,66,Pyrénées-Orientales,08,Perpignan-3,,,66028,Cabestany,0006,66028_0006,1044,472,572,,29,543,45.21,54.79,,,2.78,5.07,52.01,94.93
data/elections/departementales/departementales_2015_1er_tour.csv,ministere_bv_csv,2015_dpmt_t1,2015,departementales,1,66,Pyrénées-Orientales,08,Perpignan-3,,,66028,Cabestany,0007,66028_0007,1248,586,662,,32,630,46.96,53.04,,,2.56,4.83,50.48,95.17
data/elections/departementales/departementales_2015_2eme_tour.csv,ministere_bv_csv,2015_dpmt_t2,2015,departementales,2,66,Pyrénées-Orientales,08,Perpignan-3,,,66028,Cabestany,0001,66028_0001,1340,558,782,,42,740,41.64,58.36,,,3.13,5.37,55.22,94.63
data/elections/departementales/departementales_2015_2eme_tour.csv,ministere_bv_csv,2015_dpmt_t2,2015,departementales,2,66,Pyrénées-Orientales,08,Perpignan-3,,,66028,Cabestany,0002,66028_0002,1029,406,623,,43,580,39.46,60.54,,,4.18,6.9,56.37,93.1
data/elections/departementales/departementales_2015_2eme_tour.csv,ministere_bv_csv,2015_dpmt_t2,2015,departementales,2,66,Pyrénées-Orientales,08,Perpignan-3,,,66028,Cabestany,0003,66028_0003,832,339,493,,43,450,40.75,59.25,,,5.17,8.72,54.09,91.28
data/elections/departementales/departementales_2015_2eme_tour.csv,ministere_bv_csv,2015_dpmt_t2,2015,departementales,2,66,Pyrénées-Orientales,08,Perpignan-3,,,66028,Cabestany,0004,66028_0004,1068,408,660,,46,614,38.2,61.8,,,4.31,6.97,57.49,93.03
data/elections/departementales/departementales_2015_2eme_tour.csv,ministere_bv_csv,2015_dpmt_t2,2015,departementales,2,66,Pyrénées-Orientales,08,Perpignan-3,,,66028,Cabestany,0005,66028_0005,1201,499,702,,38,664,41.55,58.45,,,3.16,5.41,55.29,94.59
data/elections/departementales/departementales_2015_2eme_tour.csv,ministere_bv_csv,2015_dpmt_t2,2015,departementales,2,66,Pyrénées-Orientales,08,Perpignan-3,,,66028,Cabestany,0006,66028_0006,1043,430,613,,38,575,41.23,58.77,,,3.64,6.2,55.13,93.8
data/elections/departementales/departementales_2015_2eme_tour.csv,ministere_bv_csv,2015_dpmt_t2,2015,departementales,2,66,Pyrénées-Orientales,08,Perpignan-3,,,66028,Cabestany,0007,66028_0007,1248,558,690,,53,637,44.71,55.29,,,4.25,7.68,51.04,92.32
data/elections/departementales/departementales_2021_1er_tour.csv,ministere_bv_csv,2021_dpmt_t1,2021,departementales,1,66,Pyrénées-Orientales,08,Perpignan-3,,,66028,Cabestany,0001,66028_0001,892,616,276,9,6,261,69.06,30.94,1.01,3.26,0.67,2.17,29.26,94.57
data/elections/departementales/departementales_2021_1er_tour.csv,ministere_bv_csv,2021_dpmt_t1,2021,departementales,1,66,Pyrénées-Orientales,08,Perpignan-3,,,66028,Cabestany,0002,66028_0002,907,613,294,10,5,279,67.59,32.41,1.1,3.4,0.55,1.7,30.76,94.9
data/elections/departementales/departementales_2021_1er_tour.csv,ministere_bv_csv,2021_dpmt_t1,2021,departementales,1,66,Pyrénées-Orientales,08,Perpignan-3,,,66028,Cabestany,0003,66028_0003,880,629,251,4,2,245,71.48,28.52,0.45,1.59,0.23,0.8,27.84,97.61
data/elections/departementales/departementales_2021_1er_tour.csv,ministere_bv_csv,2021_dpmt_t1,2021,departementales,1,66,Pyrénées-Orientales,08,Perpignan-3,,,66028,Cabestany,0004,66028_0004,806,550,256,12,4,240,68.24,31.76,1.49,4.69,0.5,1.56,29.78,93.75
data/elections/departementales/departementales_2021_1er_tour.csv,ministere_bv_csv,2021_dpmt_t1,2021,departementales,1,66,Pyrénées-Orientales,08,Perpignan-3,,,66028,Cabestany,0005,66028_0005,823,554,269,9,3,257,67.31,32.69,1.09,3.35,0.36,1.12,31.23,95.54
data/elections/departementales/departementales_2021_1er_tour.csv,ministere_bv_csv,2021_dpmt_t1,2021,departementales,1,66,Pyrénées-Orientales,08,Perpignan-3,,,66028,Cabestany,0006,66028_0006,907,586,321,8,3,310,64.61,35.39,0.88,2.49,0.33,0.93,34.18,96.57
data/elections/departementales/departementales_2021_1er_tour.csv,ministere_bv_csv,2021_dpmt_t1,2021,departementales,1,66,Pyrénées-Orientales,08,Perpignan-3,,,66028,Cabestany,0007,66028_0007,932,596,336,5,1,330,63.95,36.05,0.54,1.49,0.11,0.3,35.41,98.21
data/elections/departementales/departementales_2021_1er_tour.csv,ministere_bv_csv,2021_dpmt_t1,2021,departementales,1,66,Pyrénées-Orientales,08,Perpignan-3,,,66028,Cabestany,0008,66028_0008,942,627,315,7,7,301,66.56,33.44,0.74,2.22,0.74,2.22,31.95,95.56
data/elections/departementales/departementales_2021_1er_tour.csv,ministere_bv_csv,2021_dpmt_t1,2021,departementales,1,66,Pyrénées-Orientales,08,Perpignan-3,,,66028,Cabestany,0009,66028_0009,983,629,354,11,2,341,63.99,36.01,1.12,3.11,0.2,0.56,34.69,96.33
data/elections/departementales/departementales_2021_2eme_tour.csv,ministere_bv_csv,2021_dpmt_t2,2021,departementales,2,66,Pyrénées-Orientales,08,Perpignan-3,,,66028,Cabestany,0001,66028_0001,892,586,306,10,12,284,65.7,34.3,1.12,3.27,1.35,3.92,31.84,92.81
data/elections/departementales/departementales_2021_2eme_tour.csv,ministere_bv_csv,2021_dpmt_t2,2021,departementales,2,66,Pyrénées-Orientales,08,Perpignan-3,,,66028,Cabestany,0002,66028_0002,907,568,339,1,16,322,62.62,37.38,0.11,0.29,1.76,4.72,35.5,94.99
data/elections/departementales/departementales_2021_2eme_tour.csv,ministere_bv_csv,2021_dpmt_t2,2021,departementales,2,66,Pyrénées-Orientales,08,Perpignan-3,,,66028,Cabestany,0003,66028_0003,880,610,270,13,15,242,69.32,30.68,1.48,4.81,1.7,5.56,27.5,89.63
data/elections/departementales/departementales_2021_2eme_tour.csv,ministere_bv_csv,2021_dpmt_t2,2021,departementales,2,66,Pyrénées-Orientales,08,Perpignan-3,,,66028,Cabestany,0004,66028_0004,806,516,290,15,4,271,64.02,35.98,1.86,5.17,0.5,1.38,33.62,93.45
data/elections/departementales/departementales_2021_2eme_tour.csv,ministere_bv_csv,2021_dpmt_t2,2021,departementales,2,66,Pyrénées-Orientales,08,Perpignan-3,,,66028,Cabestany,0005,66028_0005,823,516,307,10,7,290,62.7,37.3,1.22,3.26,0.85,2.28,35.24,94.46
data/elections/departementales/departementales_2021_2eme_tour.csv,ministere_bv_csv,2021_dpmt_t2,2021,departementales,2,66,Pyrénées-Orientales,08,Perpignan-3,,,66028,Cabestany,0006,66028_0006,907,564,343,14,7,322,62.18,37.82,1.54,4.08,0.77,2.04,35.5,93.88
data/elections/departementales/departementales_2021_2eme_tour.csv,ministere_bv_csv,2021_dpmt_t2,2021,departementales,2,66,Pyrénées-Orientales,08,Perpignan-3,,,66028,Cabestany,0007,66028_0007,932,554,378,14,10,354,59.44,40.56,1.5,3.7,1.07,2.65,37.98,93.65
data/elections/departementales/departementales_2021_2eme_tour.csv,ministere_bv_csv,2021_dpmt_t2,2021,departementales,2,66,Pyrénées-Orientales,08,Perpignan-3,,,66028,Cabestany,0008,66028_0008,942,595,347,15,10,322,63.16,36.84,1.59,4.32,1.06,2.88,34.18,92.8
data/elections/departementales/departementales_2021_2eme_tour.csv,ministere_bv_csv,2021_dpmt_t2,2021,departementales,2,66,Pyrénées-Orientales,08,Perpignan-3,,,66028,Cabestany,0009,66028_0009,983,611,372,18,13,341,62.16,37.84,1.83,4.84,1.32,3.49,34.69,91.67
data/elections/europeennes/europeennes_2014_1er_tour.csv,ministere_bv_csv,2014_euro_t1,2014,europeennes,1,66,Pyrénées-Orientales,,,,,66028,Cabestany,0001,66028_0001,1289,688,601,,24,577,53.37,46.63,,,1.86,3.99,44.76,96.01
data/elections/europeennes/europeennes_2014_1er_tour.csv,ministere_bv_csv,2014_euro_t1,2014,europeennes,1,66,Pyrénées-Orientales,,,,,66028,Cabestany,0002,66028_0002,1032,500,532,,20,512,48.45,51.55,,,1.94,3.76,49.61,96.24
data/elections/europeennes/europeennes_2014_1er_tour.csv,ministere_bv_csv,2014_euro_t1,2014,europeennes,1,66,Pyrénées-Orientales,,,,,66028,Cabestany,0003,66028_0003,841,446,395,,26,369,53.03,46.97,,,3.09,6.58,43.88,93.42
data/elections/europeennes/europeennes_2014_1er_tour.csv,ministere_bv_csv,2014_euro_t1,2014,europeennes,1,66,Pyrénées-Orientales,,,,,66028,Cabestany,0004,66028_0004,1065,533,532,,16,516,50.05,49.95,,,1.5,3.01,48.45,96.99
data/elections/europeennes/europeennes_2014_1er_tour.csv,ministere_bv_csv,2014_euro_t1,2014,europeennes,1,66,Pyrénées-Orientales,,,,,66028,Cabestany,0005,66028_0005,1183,663,520,,23,497,56.04,43.96,,,1.94,4.42,42.01,95.58
data/elections/europeennes/europeennes_2014_1er_tour.csv,ministere_bv_csv,2014_euro_t1,2014,europeennes,1,66,Pyrénées-Orientales,,,,,66028,Cabestany,0006,66028_0006,1048,555,493,,20,473,52.96,47.04,,,1.91,4.06,45.13,95.94
data/elections/europeennes/europeennes_2014_1er_tour.csv,ministere_bv_csv,2014_euro_t1,2014,europeennes,1,66,Pyrénées-Orientales,,,,,66028,Cabestany,0007,66028_0007,1232,717,515,,24,491,58.2,41.8,,,1.95,4.66,39.85,95.34
data/elections/europeennes/europeennes_2019_1er_tour.csv,ministere_bv_csv,2019_euro_t1,2019,europeennes,1,66,Pyrénées-Orientales,,,,,66028,Cabestany,0001,66028_0001,861,409,452,4,10,438,47.5,52.5,0.46,0.88,1.16,2.21,50.87,96.9
data/elections/europeennes/europeennes_2019_1er_tour.csv,ministere_bv_csv,2019_euro_t1,2019,europeennes,1,66,Pyrénées-Orientales,,,,,66028,Cabestany,0002,66028_0002,885,392,493,10,5,478,44.29,55.71,1.13,2.03,0.56,1.01,54.01,96.96
data/elections/europeennes/europeennes_2019_1er_tour.csv,ministere_bv_csv,2019_euro_t1,2019,europeennes,1,66,Pyrénées-Orientales,,,,,66028,Cabestany,0003,66028_0003,878,428,450,13,11,426,48.75,51.25,1.48,2.89,1.25,2.44,48.52,94.67
data/elections/europeennes/europeennes_2019_1er_tour.csv,ministere_bv_csv,2019_euro_t1,2019,europeennes,1,66,Pyrénées-Orientales,,,,,66028,Cabestany,0004,66028_0004,819,377,442,9,20,413,46.03,53.97,1.1,2.04,2.44,4.52,50.43,93.44
data/elections/europeennes/europeennes_2019_1er_tour.csv,ministere_bv_csv,2019_euro_t1,2019,europeennes,1,66,Pyrénées-Orientales,,,,,66028,Cabestany,0005,66028_0005,823,393,430,14,10,406,47.75,52.25,1.7,3.26,1.22,2.33,49.33,94.42
data/elections/europeennes/europeennes_2019_1er_tour.csv,ministere_bv_csv,2019_euro_t1,2019,europeennes,1,66,Pyrénées-Orientales,,,,,66028,Cabestany,0006,66028_0006,933,426,507,8,11,488,45.66,54.34,0.86,1.58,1.18,2.17,52.3,96.25
data/elections/europeennes/europeennes_2019_1er_tour.csv,ministere_bv_csv,2019_euro_t1,2019,europeennes,1,66,Pyrénées-Orientales,,,,,66028,Cabestany,0007,66028_0007,935,359,576,10,13,553,38.4,61.6,1.07,1.74,1.39,2.26,59.14,96.01
data/elections/europeennes/europeennes_2019_1er_tour.csv,ministere_bv_csv,2019_euro_t1,2019,europeennes,1,66,Pyrénées-Orientales,,,,,66028,Cabestany,0008,66028_0008,946,419,527,10,10,507,44.29,55.71,1.06,1.9,1.06,1.9,53.59,96.2
data/elections/europeennes/europeennes_2019_1er_tour.csv,ministere_bv_csv,2019_euro_t1,2019,europeennes,1,66,Pyrénées-Orientales,,,,,66028,Cabestany,0009,66028_0009,974,434,540,16,11,513,44.56,55.44,1.64,2.96,1.13,2.04,52.67,95
data/elections/europeennes/europeennes_2024_1er_tour.csv,ministere_bv_csv,2024_euro_t1,2024,europeennes,1,66,Pyrénées-Orientales,,,,,66028,Cabestany,0001,66028_0001,944,439,505,11,5,489,46.5,53.5,1.17,2.18,0.53,0.99,51.8,96.83
data/elections/europeennes/europeennes_2024_1er_tour.csv,ministere_bv_csv,2024_euro_t1,2024,europeennes,1,66,Pyrénées-Orientales,,,,,66028,Cabestany,0002,66028_0002,956,405,551,2,11,538,42.36,57.64,0.21,0.36,1.15,2,56.28,97.64
data/elections/europeennes/europeennes_2024_1er_tour.csv,ministere_bv_csv,2024_euro_t1,2024,europeennes,1,66,Pyrénées-Orientales,,,,,66028,Cabestany,0003,66028_0003,889,411,478,2,12,464,46.23,53.77,0.22,0.42,1.35,2.51,52.19,97.07
data/elections/europeennes/europeennes_2024_1er_tour.csv,ministere_bv_csv,2024_euro_t1,2024,europeennes,1,66,Pyrénées-Orientales,,,,,66028,Cabestany,0004,66028_0004,806,357,449,5,11,433,44.29,55.71,0.62,1.11,1.36,2.45,53.72,96.44
data/elections/europeennes/europeennes_2024_1er_tour.csv,ministere_bv_csv,2024_euro_t1,2024,europeennes,1,66,Pyrénées-Orientales,,,,,66028,Cabestany,0005,66028_0005,863,380,483,5,7,471,44.03,55.97,0.58,1.04,0.81,1.45,54.58,97.52
data/elections/europeennes/europeennes_2024_1er_tour.csv,ministere_bv_csv,2024_euro_t1,2024,europeennes,1,66,Pyrénées-Orientales,,,,,66028,Cabestany,0006,66028_0006,929,391,538,6,8,524,42.09,57.91,0.65,1.12,0.86,1.49,56.4,97.4
data/elections/europeennes/europeennes_2024_1er_tour.csv,ministere_bv_csv,2024_euro_t1,2024,europeennes,1,66,Pyrénées-Orientales,,,,,66028,Cabestany,0007,66028_0007,994,376,618,4,7,607,37.83,62.17,0.4,0.65,0.7,1.13,61.07,98.22
data/elections/europeennes/europeennes_2024_1er_tour.csv,ministere_bv_csv,2024_euro_t1,2024,europeennes,1,66,Pyrénées-Orientales,,,,,66028,Cabestany,0008,66028_0008,982,420,562,6,18,538,42.77,57.23,0.61,1.07,1.83,3.2,54.79,95.73
data/elections/europeennes/europeennes_2024_1er_tour.csv,ministere_bv_csv,2024_euro_t1,2024,europeennes,1,66,Pyrénées-Orientales,,,,,66028,Cabestany,0009,66028_0009,1072,461,611,4,10,597,43,57,0.37,0.65,0.93,1.64,55.69,97.71
data/elections/legislatives/legislatives_2012_1er_tour.csv,ministere_bv_csv,2012_legi_t1,2012,legislatives,1,66,Pyrénées-Orientales,20,,01,,66028,Cabestany,0001,66028_0001,1176,383,793,,5,788,32.57,67.43,,,0.43,0.63,67.01,99.37
data/elections/legislatives/legislatives_2012_1er_tour.csv,ministere_bv_csv,2012_legi_t1,2012,legislatives,1,66,Pyrénées-Orientales,20,,01,,66028,Cabestany,0002,66028_0002,993,335,658,,9,649,33.74,66.26,,,0.91,1.37,65.36,98.63
data/elections/legislatives/legislatives_2012_1er_tour.csv,ministere_bv_csv,2012_legi_t1,2012,legislatives,1,66,Pyrénées-Orientales,20,,01,,66028,Cabestany,0003,66028_0003,865,307,558,,9,549,35.49,64.51,,,1.04,1.61,63.47,98.39
data/elections/legislatives/legislatives_2012_1er_tour.csv,ministere_bv_csv,2012_legi_t1,2012,legislatives,1,66,Pyrénées-Orientales,20,,01,,66028,Cabestany,0004,66028_0004,1016,317,699,,9,690,31.2,68.8,,,0.89,1.29,67.91,98.71
data/elections/legislatives/legislatives_2012_1er_tour.csv,ministere_bv_csv,2012_legi_t1,2012,legislatives,1,66,Pyrénées-Orientales,20,,01,,66028,Cabestany,0005,66028_0005,1164,415,749,,9,740,35.65,64.35,,,0.77,1.2,63.57,98.8
data/elections/legislatives/legislatives_2012_1er_tour.csv,ministere_bv_csv,2012_legi_t1,2012,legislatives,1,66,Pyrénées-Orientales,20,,01,,66028,Cabestany,0006,66028_0006,1040,394,646,,6,640,37.88,62.12,,,0.58,0.93,61.54,99.07
data/elections/legislatives/legislatives_2012_1er_tour.csv,ministere_bv_csv,2012_legi_t1,2012,legislatives,1,66,Pyrénées-Orientales,20,,01,,66028,Cabestany,0007,66028_0007,1195,448,747,,13,734,37.49,62.51,,,1.09,1.74,61.42,98.26
data/elections/legislatives/legislatives_2012_2eme_tour.csv,ministere_bv_csv,2012_legi_t2,2012,legislatives,2,66,Pyrénées-Orientales,20,,01,,66028,Cabestany,0001,66028_0001,1172,427,745,,32,713,36.43,63.57,,,2.73,4.3,60.84,95.7
data/elections/legislatives/legislatives_2012_2eme_tour.csv,ministere_bv_csv,2012_legi_t2,2012,legislatives,2,66,Pyrénées-Orientales,20,,01,,66028,Cabestany,0002,66028_0002,992,324,668,,23,645,32.66,67.34,,,2.32,3.44,65.02,96.56
data/elections/legislatives/legislatives_2012_2eme_tour.csv,ministere_bv_csv,2012_legi_t2,2012,legislatives,2,66,Pyrénées-Orientales,20,,01,,66028,Cabestany,0003,66028_0003,865,333,532,,24,508,38.5,61.5,,,2.77,4.51,58.73,95.49
data/elections/legislatives/legislatives_2012_2eme_tour.csv,ministere_bv_csv,2012_legi_t2,2012,legislatives,2,66,Pyrénées-Orientales,20,,01,,66028,Cabestany,0004,66028_0004,1015,336,679,,25,654,33.1,66.9,,,2.46,3.68,64.43,96.32
data/elections/legislatives/legislatives_2012_2eme_tour.csv,ministere_bv_csv,2012_legi_t2,2012,legislatives,2,66,Pyrénées-Orientales,20,,01,,66028,Cabestany,0005,66028_0005,1162,411,751,,42,709,35.37,64.63,,,3.61,5.59,61.02,94.41
data/elections/legislatives/legislatives_2012_2eme_tour.csv,ministere_bv_csv,2012_legi_t2,2012,legislatives,2,66,Pyrénées-Orientales,20,,01,,66028,Cabestany,0006,66028_0006,1039,390,649,,17,632,37.54,62.46,,,1.64,2.62,60.83,97.38
data/elections/legislatives/legislatives_2012_2eme_tour.csv,ministere_bv_csv,2012_legi_t2,2012,legislatives,2,66,Pyrénées-Orientales,20,,01,,66028,Cabestany,0007,66028_0007,1193,508,685,,13,672,42.58,57.42,,,1.09,1.9,56.33,98.1
data/elections/legislatives/legislatives_2017_1er_tour.csv,ministere_bv_csv,2017_legi_t1,2017,legislatives,1,66,Pyrénées-Orientales,,,01,1ère circonscription,66028,Cabestany,0001,66028_0001,855,448,407,6,6,395,52.4,47.6,0.7,1.47,0.7,1.47,46.2,97.05
data/elections/legislatives/legislatives_2017_1er_tour.csv,ministere_bv_csv,2017_legi_t1,2017,legislatives,1,66,Pyrénées-Orientales,,,01,1ère circonscription,66028,Cabestany,0002,66028_0002,844,414,430,3,1,426,49.05,50.95,0.36,0.7,0.12,0.23,50.47,99.07
data/elections/legislatives/legislatives_2017_1er_tour.csv,ministere_bv_csv,2017_legi_t1,2017,legislatives,1,66,Pyrénées-Orientales,,,01,1ère circonscription,66028,Cabestany,0003,66028_0003,877,442,435,7,3,425,50.4,49.6,0.8,1.61,0.34,0.69,48.46,97.7
data/elections/legislatives/legislatives_2017_1er_tour.csv,ministere_bv_csv,2017_legi_t1,2017,legislatives,1,66,Pyrénées-Orientales,,,01,1ère circonscription,66028,Cabestany,0004,66028_0004,911,468,443,7,4,432,51.37,48.63,0.77,1.58,0.44,0.9,47.42,97.52
data/elections/legislatives/legislatives_2017_1er_tour.csv,ministere_bv_csv,2017_legi_t1,2017,legislatives,1,66,Pyrénées-Orientales,,,01,1ère circonscription,66028,Cabestany,0005,66028_0005,724,352,372,7,2,363,48.62,51.38,0.97,1.88,0.28,0.54,50.14,97.58
data/elections/legislatives/legislatives_2017_1er_tour.csv,ministere_bv_csv,2017_legi_t1,2017,legislatives,1,66,Pyrénées-Orientales,,,01,1ère circonscription,66028,Cabestany,0006,66028_0006,942,436,506,9,4,493,46.28,53.72,0.96,1.78,0.42,0.79,52.34,97.43
data/elections/legislatives/legislatives_2017_1er_tour.csv,ministere_bv_csv,2017_legi_t1,2017,legislatives,1,66,Pyrénées-Orientales,,,01,1ère circonscription,66028,Cabestany,0007,66028_0007,912,395,517,6,2,509,43.31,56.69,0.66,1.16,0.22,0.39,55.81,98.45
data/elections/legislatives/legislatives_2017_1er_tour.csv,ministere_bv_csv,2017_legi_t1,2017,legislatives,1,66,Pyrénées-Orientales,,,01,1ère circonscription,66028,Cabestany,0008,66028_0008,1052,581,471,4,2,465,55.23,44.77,0.38,0.85,0.19,0.42,44.2,98.73
data/elections/legislatives/legislatives_2017_1er_tour.csv,ministere_bv_csv,2017_legi_t1,2017,legislatives,1,66,Pyrénées-Orientales,,,01,1ère circonscription,66028,Cabestany,0009,66028_0009,926,433,493,4,3,486,46.76,53.24,0.43,0.81,0.32,0.61,52.48,98.58
data/elections/legislatives/legislatives_2017_2eme_tour.csv,ministere_bv_csv,2017_legi_t2,2017,legislatives,2,66,Pyrénées-Orientales,,,01,1ère circonscription,66028,Cabestany,0001,66028_0001,855,498,357,30,15,312,58.25,41.75,3.51,8.4,1.75,4.2,36.49,87.39
data/elections/legislatives/legislatives_2017_2eme_tour.csv,ministere_bv_csv,2017_legi_t2,2017,legislatives,2,66,Pyrénées-Orientales,,,01,1ère circonscription,66028,Cabestany,0002,66028_0002,844,476,368,33,13,322,56.4,43.6,3.91,8.97,1.54,3.53,38.15,87.5
data/elections/legislatives/legislatives_2017_2eme_tour.csv,ministere_bv_csv,2017_legi_t2,2017,legislatives,2,66,Pyrénées-Orientales,,,01,1ère circonscription,66028,Cabestany,0003,66028_0003,877,535,342,36,17,289,61,39,4.1,10.53,1.94,4.97,32.95,84.5
data/elections/legislatives/legislatives_2017_2eme_tour.csv,ministere_bv_csv,2017_legi_t2,2017,legislatives,2,66,Pyrénées-Orientales,,,01,1ère circonscription,66028,Cabestany,0004,66028_0004,911,541,370,32,21,317,59.39,40.61,3.51,8.65,2.31,5.68,34.8,85.68
data/elections/legislatives/legislatives_2017_2eme_tour.csv,ministere_bv_csv,2017_legi_t2,2017,legislatives,2,66,Pyrénées-Orientales,,,01,1ère circonscription,66028,Cabestany,0005,66028_0005,724,413,311,28,13,270,57.04,42.96,3.87,9,1.8,4.18,37.29,86.82
data/elections/legislatives/legislatives_2017_2eme_tour.csv,ministere_bv_csv,2017_legi_t2,2017,legislatives,2,66,Pyrénées-Orientales,,,01,1ère circonscription,66028,Cabestany,0006,66028_0006,942,500,442,37,13,392,53.08,46.92,3.93,8.37,1.38,2.94,41.61,88.69
data/elections/legislatives/legislatives_2017_2eme_tour.csv,ministere_bv_csv,2017_legi_t2,2017,legislatives,2,66,Pyrénées-Orientales,,,01,1ère circonscription,66028,Cabestany,0007,66028_0007,912,470,442,37,9,396,51.54,48.46,4.06,8.37,0.99,2.04,43.42,89.59
data/elections/legislatives/legislatives_2017_2eme_tour.csv,ministere_bv_csv,2017_legi_t2,2017,legislatives,2,66,Pyrénées-Orientales,,,01,1ère circonscription,66028,Cabestany,0008,66028_0008,1052,634,418,35,12,371,60.27,39.73,3.33,8.37,1.14,2.87,35.27,88.76
data/elections/legislatives/legislatives_2017_2eme_tour.csv,ministere_bv_csv,2017_legi_t2,2017,legislatives,2,66,Pyrénées-Orientales,,,01,1ère circonscription,66028,Cabestany,0009,66028_0009,926,505,421,40,20,361,54.54,45.46,4.32,9.5,2.16,4.75,38.98,85.75
data/elections/legislatives/legislatives_2022_1er_tour.csv,ministere_bv_csv,2022_legi_t1,2022,legislatives,1,66,Pyrénées-Orientales,,,01,1ère circonscription,66028,Cabestany,0001,66028_0001,891,477,414,7,3,404,53.54,46.46,0.79,1.69,0.34,0.72,45.34,97.58
data/elections/legislatives/legislatives_2022_1er_tour.csv,ministere_bv_csv,2022_legi_t1,2022,legislatives,1,66,Pyrénées-Orientales,,,01,1ère circonscription,66028,Cabestany,0002,66028_0002,922,464,458,6,1,451,50.33,49.67,0.65,1.31,0.11,0.22,48.92,98.47
data/elections/legislatives/legislatives_2022_1er_tour.csv,ministere_bv_csv,2022_legi_t1,2022,legislatives,1,66,Pyrénées-Orientales,,,01,1ère circonscription,66028,Cabestany,0003,66028_0003,885,481,404,4,7,393,54.35,45.65,0.45,0.99,0.79,1.73,44.41,97.28
data/elections/legislatives/legislatives_2022_1er_tour.csv,ministere_bv_csv,2022_legi_t1,2022,legislatives,1,66,Pyrénées-Orientales,,,01,1ère circonscription,66028,Cabestany,0004,66028_0004,826,425,401,9,1,391,51.45,48.55,1.09,2.24,0.12,0.25,47.34,97.51
data/elections/legislatives/legislatives_2022_1er_tour.csv,ministere_bv_csv,2022_legi_t1,2022,legislatives,1,66,Pyrénées-Orientales,,,01,1ère circonscription,66028,Cabestany,0005,66028_0005,827,417,410,1,6,403,50.42,49.58,0.12,0.24,0.73,1.46,48.73,98.29
data/elections/legislatives/legislatives_2022_1er_tour.csv,ministere_bv_csv,2022_legi_t1,2022,legislatives,1,66,Pyrénées-Orientales,,,01,1ère circonscription,66028,Cabestany,0006,66028_0006,913,439,474,8,4,462,48.08,51.92,0.88,1.69,0.44,0.84,50.6,97.47
data/elections/legislatives/legislatives_2022_1er_tour.csv,ministere_bv_csv,2022_legi_t1,2022,legislatives,1,66,Pyrénées-Orientales,,,01,1ère circonscription,66028,Cabestany,0007,66028_0007,958,443,515,10,4,501,46.24,53.76,1.04,1.94,0.42,0.78,52.3,97.28
data/elections/legislatives/legislatives_2022_1er_tour.csv,ministere_bv_csv,2022_legi_t1,2022,legislatives,1,66,Pyrénées-Orientales,,,01,1ère circonscription,66028,Cabestany,0008,66028_0008,956,492,464,3,4,457,51.46,48.54,0.31,0.65,0.42,0.86,47.8,98.49
data/elections/legislatives/legislatives_2022_1er_tour.csv,ministere_bv_csv,2022_legi_t1,2022,legislatives,1,66,Pyrénées-Orientales,,,01,1ère circonscription,66028,Cabestany,0009,66028_0009,1019,513,506,10,5,491,50.34,49.66,0.98,1.98,0.49,0.99,48.18,97.04
data/elections/legislatives/legislatives_2022_2eme_tour.csv,ministere_bv_csv,2022_legi_t2,2022,legislatives,2,66,Pyrénées-Orientales,,,01,1ère circonscription,66028,Cabestany,0001,66028_0001,893,486,407,29,25,353,54.42,45.58,3.25,7.13,2.8,6.14,39.53,86.73
data/elections/legislatives/legislatives_2022_2eme_tour.csv,ministere_bv_csv,2022_legi_t2,2022,legislatives,2,66,Pyrénées-Orientales,,,01,1ère circonscription,66028,Cabestany,0002,66028_0002,922,473,449,21,7,421,51.3,48.7,2.28,4.68,0.76,1.56,45.66,93.76
data/elections/legislatives/legislatives_2022_2eme_tour.csv,ministere_bv_csv,2022_legi_t2,2022,legislatives,2,66,Pyrénées-Orientales,,,01,1ère circonscription,66028,Cabestany,0003,66028_0003,886,470,416,22,10,384,53.05,46.95,2.48,5.29,1.13,2.4,43.34,92.31
data/elections/legislatives/legislatives_2022_2eme_tour.csv,ministere_bv_csv,2022_legi_t2,2022,legislatives,2,66,Pyrénées-Orientales,,,01,1ère circonscription,66028,Cabestany,0004,66028_0004,826,428,398,27,11,360,51.82,48.18,3.27,6.78,1.33,2.76,43.58,90.45
data/elections/legislatives/legislatives_2022_2eme_tour.csv,ministere_bv_csv,2022_legi_t2,2022,legislatives,2,66,Pyrénées-Orientales,,,01,1ère circonscription,66028,Cabestany,0005,66028_0005,828,460,368,25,11,332,55.56,44.44,3.02,6.79,1.33,2.99,40.1,90.22
data/elections/legislatives/legislatives_2022_2eme_tour.csv,ministere_bv_csv,2022_legi_t2,2022,legislatives,2,66,Pyrénées-Orientales,,,01,1ère circonscription,66028,Cabestany,0006,66028_0006,914,472,442,28,8,406,51.64,48.36,3.06,6.33,0.88,1.81,44.42,91.86
data/elections/legislatives/legislatives_2022_2eme_tour.csv,ministere_bv_csv,2022_legi_t2,2022,legislatives,2,66,Pyrénées-Orientales,,,01,1ère circonscription,66028,Cabestany,0007,66028_0007,958,455,503,33,11,459,47.49,52.51,3.44,6.56,1.15,2.19,47.91,91.25
data/elections/legislatives/legislatives_2022_2eme_tour.csv,ministere_bv_csv,2022_legi_t2,2022,legislatives,2,66,Pyrénées-Orientales,,,01,1ère circonscription,66028,Cabestany,0008,66028_0008,956,493,463,23,11,429,51.57,48.43,2.41,4.97,1.15,2.38,44.87,92.66
data/elections/legislatives/legislatives_2022_2eme_tour.csv,ministere_bv_csv,2022_legi_t2,2022,legislatives,2,66,Pyrénées-Orientales,,,01,1ère circonscription,66028,Cabestany,0009,66028_0009,1019,520,499,38,11,450,51.03,48.97,3.73,7.62,1.08,2.2,44.16,90.18
data/elections/legislatives/legislatives_2024_1er_tour.csv,ministere_bv_csv,2024_legi_t1,2024,legislatives,1,66,Pyrénées-Orientales,,,,,66028,Cabestany,0001,66028_0001,936,289,647,16,9,622,30.88,69.12,1.71,2.47,0.96,1.39,66.45,96.14
data/elections/legislatives/legislatives_2024_1er_tour.csv,ministere_bv_csv,2024_legi_t1,2024,legislatives,1,66,Pyrénées-Orientales,,,,,66028,Cabestany,0002,66028_0002,952,246,706,7,6,693,25.84,74.16,0.74,0.99,0.63,0.85,72.79,98.16
data/elections/legislatives/legislatives_2024_1er_tour.csv,ministere_bv_csv,2024_legi_t1,2024,legislatives,1,66,Pyrénées-Orientales,,,,,66028,Cabestany,0003,66028_0003,874,280,594,15,5,574,32.04,67.96,1.72,2.53,0.57,0.84,65.68,96.63
data/elections/legislatives/legislatives_2024_1er_tour.csv,ministere_bv_csv,2024_legi_t1,2024,legislatives,1,66,Pyrénées-Orientales,,,,,66028,Cabestany,0004,66028_0004,803,250,553,10,7,536,31.13,68.87,1.25,1.81,0.87,1.27,66.75,96.93
data/elections/legislatives/legislatives_2024_1er_tour.csv,ministere_bv_csv,2024_legi_t1,2024,legislatives,1,66,Pyrénées-Orientales,,,,,66028,Cabestany,0005,66028_0005,865,221,644,7,4,633,25.55,74.45,0.81,1.09,0.46,0.62,73.18,98.29
data/elections/legislatives/legislatives_2024_1er_tour.csv,ministere_bv_csv,2024_legi_t1,2024,legislatives,1,66,Pyrénées-Orientales,,,,,66028,Cabestany,0006,66028_0006,938,267,671,5,12,654,28.46,71.54,0.53,0.75,1.28,1.79,69.72,97.47
data/elections/legislatives/legislatives_2024_1er_tour.csv,ministere_bv_csv,2024_legi_t1,2024,legislatives,1,66,Pyrénées-Orientales,,,,,66028,Cabestany,0007,66028_0007,1001,261,740,17,1,722,26.07,73.93,1.7,2.3,0.1,0.14,72.13,97.57
data/elections/legislatives/legislatives_2024_1er_tour.csv,ministere_bv_csv,2024_legi_t1,2024,legislatives,1,66,Pyrénées-Orientales,,,,,66028,Cabestany,0008,66028_0008,973,265,708,17,4,687,27.24,72.76,1.75,2.4,0.41,0.56,70.61,97.03
data/elections/legislatives/legislatives_2024_1er_tour.csv,ministere_bv_csv,2024_legi_t1,2024,legislatives,1,66,Pyrénées-Orientales,,,,,66028,Cabestany,0009,66028_0009,1066,293,773,7,6,760,27.49,72.51,0.66,0.91,0.56,0.78,71.29,98.32
data/elections/legislatives/legislatives_2024_2eme_tour.csv,ministere_bv_csv,2024_legi_t2,2024,legislatives,2,66,Pyrénées-Orientales,,,,,66028,Cabestany,0001,66028_0001,936,307,629,33,22,574,32.8,67.2,3.53,5.25,2.35,3.5,61.32,91.26
data/elections/legislatives/legislatives_2024_2eme_tour.csv,ministere_bv_csv,2024_legi_t2,2024,legislatives,2,66,Pyrénées-Orientales,,,,,66028,Cabestany,0002,66028_0002,952,296,656,47,18,591,31.09,68.91,4.94,7.16,1.89,2.74,62.08,90.09
data/elections/legislatives/legislatives_2024_2eme_tour.csv,ministere_bv_csv,2024_legi_t2,2024,legislatives,2,66,Pyrénées-Orientales,,,,,66028,Cabestany,0003,66028_0003,873,299,574,41,14,519,34.25,65.75,4.7,7.14,1.6,2.44,59.45,90.42
data/elections/legislatives/legislatives_2024_2eme_tour.csv,ministere_bv_csv,2024_legi_t2,2024,legislatives,2,66,Pyrénées-Orientales,,,,,66028,Cabestany,0004,66028_0004,803,268,535,38,34,463,33.37,66.63,4.73,7.1,4.23,6.36,57.66,86.54
data/elections/legislatives/legislatives_2024_2eme_tour.csv,ministere_bv_csv,2024_legi_t2,2024,legislatives,2,66,Pyrénées-Orientales,,,,,66028,Cabestany,0005,66028_0005,865,255,610,39,14,557,29.48,70.52,4.51,6.39,1.62,2.3,64.39,91.31
data/elections/legislatives/legislatives_2024_2eme_tour.csv,ministere_bv_csv,2024_legi_t2,2024,legislatives,2,66,Pyrénées-Orientales,,,,,66028,Cabestany,0006,66028_0006,938,268,670,44,16,610,28.57,71.43,4.69,6.57,1.71,2.39,65.03,91.04
data/elections/legislatives/legislatives_2024_2eme_tour.csv,ministere_bv_csv,2024_legi_t2,2024,legislatives,2,66,Pyrénées-Orientales,,,,,66028,Cabestany,0007,66028_0007,1002,261,741,64,18,659,26.05,73.95,6.39,8.64,1.8,2.43,65.77,88.93
data/elections/legislatives/legislatives_2024_2eme_tour.csv,ministere_bv_csv,2024_legi_t2,2024,legislatives,2,66,Pyrénées-Orientales,,,,,66028,Cabestany,0008,66028_0008,973,290,683,56,28,599,29.8,70.2,5.76,8.2,2.88,4.1,61.56,87.7
data/elections/legislatives/legislatives_2024_2eme_tour.csv,ministere_bv_csv,2024_legi_t2,2024,legislatives,2,66,Pyrénées-Orientales,,,,,66028,Cabestany,0009,66028_0009,1066,335,731,51,17,663,31.43,68.57,4.78,6.98,1.59,2.33,62.2,90.7
data/elections/municipales/municipales_2014_1er_tour.csv,ministere_bv_csv,2014_muni_t1,2014,municipales,1,66,Pyrénées-Orientales,,,,,66028,Cabestany,0001,66028_0001,1289,393,896,,52,844,30.49,69.51,,,4.03,5.8,65.48,94.2
data/elections/municipales/municipales_2014_1er_tour.csv,ministere_bv_csv,2014_muni_t1,2014,municipales,1,66,Pyrénées-Orientales,,,,,66028,Cabestany,0002,66028_0002,1031,356,675,,33,642,34.53,65.47,,,3.2,4.89,62.27,95.11
data/elections/municipales/municipales_2014_1er_tour.csv,ministere_bv_csv,2014_muni_t1,2014,municipales,1,66,Pyrénées-Orientales,,,,,66028,Cabestany,0003,66028_0003,842,288,554,,26,528,34.2,65.8,,,3.09,4.69,62.71,95.31
data/elections/municipales/municipales_2014_1er_tour.csv,ministere_bv_csv,2014_muni_t1,2014,municipales,1,66,Pyrénées-Orientales,,,,,66028,Cabestany,0004,66028_0004,1065,342,723,,37,686,32.11,67.89,,,3.47,5.12,64.41,94.88
data/elections/municipales/municipales_2014_1er_tour.csv,ministere_bv_csv,2014_muni_t1,2014,municipales,1,66,Pyrénées-Orientales,,,,,66028,Cabestany,0005,66028_0005,1183,409,774,,58,716,34.57,65.43,,,4.9,7.49,60.52,92.51
data/elections/municipales/municipales_2014_1er_tour.csv,ministere_bv_csv,2014_muni_t1,2014,municipales,1,66,Pyrénées-Orientales,,,,,66028,Cabestany,0006,66028_0006,1048,371,677,,30,647,35.4,64.6,,,2.86,4.43,61.74,95.57
data/elections/municipales/municipales_2014_1er_tour.csv,ministere_bv_csv,2014_muni_t1,2014,municipales,1,66,Pyrénées-Orientales,,,,,66028,Cabestany,0007,66028_0007,1231,440,791,,33,758,35.74,64.26,,,2.68,4.17,61.58,95.83
data/elections/municipales/municipales_2020_1er_tour.csv,ministere_bv_csv,2020_muni_t1,2020,municipales,1,66,Pyrénées-Orientales,,,,,66028,Cabestany,0001,66028_0001,885,530,355,3,6,346,59.89,40.11,0.34,0.85,0.68,1.69,39.1,97.46
data/elections/municipales/municipales_2020_1er_tour.csv,ministere_bv_csv,2020_muni_t1,2020,municipales,1,66,Pyrénées-Orientales,,,,,66028,Cabestany,0002,66028_0002,894,579,315,1,5,309,64.77,35.23,0.11,0.32,0.56,1.59,34.56,98.1
data/elections/municipales/municipales_2020_1er_tour.csv,ministere_bv_csv,2020_muni_t1,2020,municipales,1,66,Pyrénées-Orientales,,,,,66028,Cabestany,0003,66028_0003,869,511,358,6,6,346,58.8,41.2,0.69,1.68,0.69,1.68,39.82,96.65
data/elections/municipales/municipales_2020_1er_tour.csv,ministere_bv_csv,2020_muni_t1,2020,municipales,1,66,Pyrénées-Orientales,,,,,66028,Cabestany,0004,66028_0004,817,507,310,3,5,302,62.06,37.94,0.37,0.97,0.61,1.61,36.96,97.42
data/elections/municipales/municipales_2020_1er_tour.csv,ministere_bv_csv,2020_muni_t1,2020,municipales,1,66,Pyrénées-Orientales,,,,,66028,Cabestany,0005,66028_0005,829,491,338,1,11,326,59.23,40.77,0.12,0.3,1.33,3.25,39.32,96.45
data/elections/municipales/municipales_2020_1er_tour.csv,ministere_bv_csv,2020_muni_t1,2020,municipales,1,66,Pyrénées-Orientales,,,,,66028,Cabestany,0006,66028_0006,926,582,344,6,5,333,62.85,37.15,0.65,1.74,0.54,1.45,35.96,96.8
data/elections/municipales/municipales_2020_1er_tour.csv,ministere_bv_csv,2020_muni_t1,2020,municipales,1,66,Pyrénées-Orientales,,,,,66028,Cabestany,0007,66028_0007,932,571,361,5,7,349,61.27,38.73,0.54,1.39,0.75,1.94,37.45,96.68
data/elections/municipales/municipales_2020_1er_tour.csv,ministere_bv_csv,2020_muni_t1,2020,municipales,1,66,Pyrénées-Orientales,,,,,66028,Cabestany,0008,66028_0008,931,566,365,10,8,347,60.79,39.21,1.07,2.74,0.86,2.19,37.27,95.07
data/elections/municipales/municipales_2020_1er_tour.csv,ministere_bv_csv,2020_muni_t1,2020,municipales,1,66,Pyrénées-Orientales,,,,,66028,Cabestany,0009,66028_0009,989,589,400,6,3,391,59.56,40.44,0.61,1.5,0.3,0.75,39.53,97.75
data/elections/municipales/municipales_2026_1er_tour.csv,ministere_bv_csv,2026_muni_t1,2026,municipales,1,66,Pyrénées-Orientales,,,,,66028,Cabestany,0001,66028_0001,970,430,540,9,7,524,44.33,55.67,0.93,1.67,0.72,1.3,54.02,97.04
data/elections/municipales/municipales_2026_1er_tour.csv,ministere_bv_csv,2026_muni_t1,2026,municipales,1,66,Pyrénées-Orientales,,,,,66028,Cabestany,0002,66028_0002,972,374,598,3,4,591,38.48,61.52,0.31,0.5,0.41,0.67,60.8,98.83
data/elections/municipales/municipales_2026_1er_tour.csv,ministere_bv_csv,2026_muni_t1,2026,municipales,1,66,Pyrénées-Orientales,,,,,66028,Cabestany,0003,66028_0003,907,388,519,3,3,513,42.78,57.22,0.33,0.58,0.33,0.58,56.56,98.84
data/elections/municipales/municipales_2026_1er_tour.csv,ministere_bv_csv,2026_muni_t1,2026,municipales,1,66,Pyrénées-Orientales,,,,,66028,Cabestany,0004,66028_0004,815,297,518,5,3,510,36.44,63.56,0.61,0.97,0.37,0.58,62.58,98.46
data/elections/municipales/municipales_2026_1er_tour.csv,ministere_bv_csv,2026_muni_t1,2026,municipales,1,66,Pyrénées-Orientales,,,,,66028,Cabestany,0005,66028_0005,941,376,565,9,10,546,39.96,60.04,0.96,1.59,1.06,1.77,58.02,96.64
data/elections/municipales/municipales_2026_1er_tour.csv,ministere_bv_csv,2026_muni_t1,2026,municipales,1,66,Pyrénées-Orientales,,,,,66028,Cabestany,0006,66028_0006,950,403,547,10,6,531,42.42,57.58,1.05,1.83,0.63,1.1,55.89,97.07
data/elections/municipales/municipales_2026_1er_tour.csv,ministere_bv_csv,2026_muni_t1,2026,municipales,1,66,Pyrénées-Orientales,,,,,66028,Cabestany,0007,66028_0007,996,371,625,5,6,614,37.25,62.75,0.5,0.8,0.6,0.96,61.65,98.24
data/elections/municipales/municipales_2026_1er_tour.csv,ministere_bv_csv,2026_muni_t1,2026,municipales,1,66,Pyrénées-Orientales,,,,,66028,Cabestany,0008,66028_0008,1007,395,612,7,4,601,39.23,60.77,0.7,1.14,0.4,0.65,59.68,98.2
data/elections/municipales/municipales_2026_1er_tour.csv,ministere_bv_csv,2026_muni_t1,2026,municipales,1,66,Pyrénées-Orientales,,,,,66028,Cabestany,0009,66028_0009,1106,431,675,3,5,667,38.97,61.03,0.27,0.44,0.45,0.74,60.31,98.81
data/elections/presidentielles/presidentielles_2012_1er_tour.csv,ministere_bv_csv,2012_pres_t1,2012,presidentielles,1,66,Pyrénées-Orientales,20,,01,,66028,Cabestany,0001,66028_0001,1175,172,1003,,16,987,14.64,85.36,,,1.36,1.6,84,98.4
data/elections/presidentielles/presidentielles_2012_1er_tour.csv,ministere_bv_csv,2012_pres_t1,2012,presidentielles,1,66,Pyrénées-Orientales,20,,01,,66028,Cabestany,0002,66028_0002,991,146,845,,10,835,14.73,85.27,,,1.01,1.18,84.26,98.82
data/elections/presidentielles/presidentielles_2012_1er_tour.csv,ministere_bv_csv,2012_pres_t1,2012,presidentielles,1,66,Pyrénées-Orientales,20,,01,,66028,Cabestany,0003,66028_0003,862,162,700,,10,690,18.79,81.21,,,1.16,1.43,80.05,98.57
data/elections/presidentielles/presidentielles_2012_1er_tour.csv,ministere_bv_csv,2012_pres_t1,2012,presidentielles,1,66,Pyrénées-Orientales,20,,01,,66028,Cabestany,0004,66028_0004,1010,156,854,,13,841,15.45,84.55,,,1.29,1.52,83.27,98.48
data/elections/presidentielles/presidentielles_2012_1er_tour.csv,ministere_bv_csv,2012_pres_t1,2012,presidentielles,1,66,Pyrénées-Orientales,20,,01,,66028,Cabestany,0005,66028_0005,1163,183,980,,18,962,15.74,84.26,,,1.55,1.84,82.72,98.16
data/elections/presidentielles/presidentielles_2012_1er_tour.csv,ministere_bv_csv,2012_pres_t1,2012,presidentielles,1,66,Pyrénées-Orientales,20,,01,,66028,Cabestany,0006,66028_0006,1039,172,867,,17,850,16.55,83.45,,,1.64,1.96,81.81,98.04
data/elections/presidentielles/presidentielles_2012_1er_tour.csv,ministere_bv_csv,2012_pres_t1,2012,presidentielles,1,66,Pyrénées-Orientales,20,,01,,66028,Cabestany,0007,66028_0007,1195,198,997,,17,980,16.57,83.43,,,1.42,1.71,82.01,98.29
data/elections/presidentielles/presidentielles_2012_2eme_tour.csv,ministere_bv_csv,2012_pres_t2,2012,presidentielles,2,66,Pyrénées-Orientales,20,,01,,66028,Cabestany,0001,66028_0001,1176,156,1020,,56,964,13.27,86.73,,,4.76,5.49,81.97,94.51
data/elections/presidentielles/presidentielles_2012_2eme_tour.csv,ministere_bv_csv,2012_pres_t2,2012,presidentielles,2,66,Pyrénées-Orientales,20,,01,,66028,Cabestany,0002,66028_0002,991,140,851,,34,817,14.13,85.87,,,3.43,4,82.44,96
data/elections/presidentielles/presidentielles_2012_2eme_tour.csv,ministere_bv_csv,2012_pres_t2,2012,presidentielles,2,66,Pyrénées-Orientales,20,,01,,66028,Cabestany,0003,66028_0003,862,159,703,,42,661,18.45,81.55,,,4.87,5.97,76.68,94.03
data/elections/presidentielles/presidentielles_2012_2eme_tour.csv,ministere_bv_csv,2012_pres_t2,2012,presidentielles,2,66,Pyrénées-Orientales,20,,01,,66028,Cabestany,0004,66028_0004,1010,153,857,,38,819,15.15,84.85,,,3.76,4.43,81.09,95.57
data/elections/presidentielles/presidentielles_2012_2eme_tour.csv,ministere_bv_csv,2012_pres_t2,2012,presidentielles,2,66,Pyrénées-Orientales,20,,01,,66028,Cabestany,0005,66028_0005,1163,190,973,,62,911,16.34,83.66,,,5.33,6.37,78.33,93.63
data/elections/presidentielles/presidentielles_2012_2eme_tour.csv,ministere_bv_csv,2012_pres_t2,2012,presidentielles,2,66,Pyrénées-Orientales,20,,01,,66028,Cabestany,0006,66028_0006,1040,173,867,,60,807,16.63,83.37,,,5.77,6.92,77.6,93.08
data/elections/presidentielles/presidentielles_2012_2eme_tour.csv,ministere_bv_csv,2012_pres_t2,2012,presidentielles,2,66,Pyrénées-Orientales,20,,01,,66028,Cabestany,0007,66028_0007,1195,199,996,,59,937,16.65,83.35,,,4.94,5.92,78.41,94.08
data/elections/presidentielles/presidentielles_2017_1er_tour.csv,ministere_bv_csv,2017_pres_t1,2017,presidentielles,1,66,Pyrénées-Orientales,,,01,1ère circonscription,66028,Cabestany,0001,66028_0001,852,139,713,19,17,677,16.31,83.69,2.23,2.66,2,2.38,79.46,94.95
data/elections/presidentielles/presidentielles_2017_1er_tour.csv,ministere_bv_csv,2017_pres_t1,2017,presidentielles,1,66,Pyrénées-Orientales,,,01,1ère circonscription,66028,Cabestany,0002,66028_0002,844,131,713,10,3,700,15.52,84.48,1.18,1.4,0.36,0.42,82.94,98.18
data/elections/presidentielles/presidentielles_2017_1er_tour.csv,ministere_bv_csv,2017_pres_t1,2017,presidentielles,1,66,Pyrénées-Orientales,,,01,1ère circonscription,66028,Cabestany,0003,66028_0003,878,166,712,15,7,690,18.91,81.09,1.71,2.11,0.8,0.98,78.59,96.91
data/elections/presidentielles/presidentielles_2017_1er_tour.csv,ministere_bv_csv,2017_pres_t1,2017,presidentielles,1,66,Pyrénées-Orientales,,,01,1ère circonscription,66028,Cabestany,0004,66028_0004,910,216,694,8,5,681,23.74,76.26,0.88,1.15,0.55,0.72,74.84,98.13
data/elections/presidentielles/presidentielles_2017_1er_tour.csv,ministere_bv_csv,2017_pres_t1,2017,presidentielles,1,66,Pyrénées-Orientales,,,01,1ère circonscription,66028,Cabestany,0005,66028_0005,724,120,604,8,1,595,16.57,83.43,1.1,1.32,0.14,0.17,82.18,98.51
data/elections/presidentielles/presidentielles_2017_1er_tour.csv,ministere_bv_csv,2017_pres_t1,2017,presidentielles,1,66,Pyrénées-Orientales,,,01,1ère circonscription,66028,Cabestany,0006,66028_0006,944,173,771,8,16,747,18.33,81.67,0.85,1.04,1.69,2.08,79.13,96.89
data/elections/presidentielles/presidentielles_2017_1er_tour.csv,ministere_bv_csv,2017_pres_t1,2017,presidentielles,1,66,Pyrénées-Orientales,,,01,1ère circonscription,66028,Cabestany,0007,66028_0007,912,167,745,11,4,730,18.31,81.69,1.21,1.48,0.44,0.54,80.04,97.99
data/elections/presidentielles/presidentielles_2017_1er_tour.csv,ministere_bv_csv,2017_pres_t1,2017,presidentielles,1,66,Pyrénées-Orientales,,,01,1ère circonscription,66028,Cabestany,0008,66028_0008,1050,217,833,13,8,812,20.67,79.33,1.24,1.56,0.76,0.96,77.33,97.48
data/elections/presidentielles/presidentielles_2017_1er_tour.csv,ministere_bv_csv,2017_pres_t1,2017,presidentielles,1,66,Pyrénées-Orientales,,,01,1ère circonscription,66028,Cabestany,0009,66028_0009,927,136,791,14,8,769,14.67,85.33,1.51,1.77,0.86,1.01,82.96,97.22
data/elections/presidentielles/presidentielles_2017_2eme_tour.csv,ministere_bv_csv,2017_pres_t2,2017,presidentielles,2,66,Pyrénées-Orientales,,,01,1ère circonscription,66028,Cabestany,0001,66028_0001,852,191,661,69,28,564,22.42,77.58,8.1,10.44,3.29,4.24,66.2,85.33
data/elections/presidentielles/presidentielles_2017_2eme_tour.csv,ministere_bv_csv,2017_pres_t2,2017,presidentielles,2,66,Pyrénées-Orientales,,,01,1ère circonscription,66028,Cabestany,0002,66028_0002,844,177,667,73,23,571,20.97,79.03,8.65,10.94,2.73,3.45,67.65,85.61
data/elections/presidentielles/presidentielles_2017_2eme_tour.csv,ministere_bv_csv,2017_pres_t2,2017,presidentielles,2,66,Pyrénées-Orientales,,,01,1ère circonscription,66028,Cabestany,0003,66028_0003,878,213,665,67,41,557,24.26,75.74,7.63,10.08,4.67,6.17,63.44,83.76
data/elections/presidentielles/presidentielles_2017_2eme_tour.csv,ministere_bv_csv,2017_pres_t2,2017,presidentielles,2,66,Pyrénées-Orientales,,,01,1ère circonscription,66028,Cabestany,0004,66028_0004,910,262,648,61,34,553,28.79,71.21,6.7,9.41,3.74,5.25,60.77,85.34
data/elections/presidentielles/presidentielles_2017_2eme_tour.csv,ministere_bv_csv,2017_pres_t2,2017,presidentielles,2,66,Pyrénées-Orientales,,,01,1ère circonscription,66028,Cabestany,0005,66028_0005,724,161,563,58,30,475,22.24,77.76,8.01,10.3,4.14,5.33,65.61,84.37
data/elections/presidentielles/presidentielles_2017_2eme_tour.csv,ministere_bv_csv,2017_pres_t2,2017,presidentielles,2,66,Pyrénées-Orientales,,,01,1ère circonscription,66028,Cabestany,0006,66028_0006,944,217,727,78,21,628,22.99,77.01,8.26,10.73,2.22,2.89,66.53,86.38
data/elections/presidentielles/presidentielles_2017_2eme_tour.csv,ministere_bv_csv,2017_pres_t2,2017,presidentielles,2,66,Pyrénées-Orientales,,,01,1ère circonscription,66028,Cabestany,0007,66028_0007,912,215,697,74,23,600,23.57,76.43,8.11,10.62,2.52,3.3,65.79,86.08
data/elections/presidentielles/presidentielles_2017_2eme_tour.csv,ministere_bv_csv,2017_pres_t2,2017,presidentielles,2,66,Pyrénées-Orientales,,,01,1ère circonscription,66028,Cabestany,0008,66028_0008,1050,272,778,74,30,674,25.9,74.1,7.05,9.51,2.86,3.86,64.19,86.63
data/elections/presidentielles/presidentielles_2017_2eme_tour.csv,ministere_bv_csv,2017_pres_t2,2017,presidentielles,2,66,Pyrénées-Orientales,,,01,1ère circonscription,66028,Cabestany,0009,66028_0009,927,183,744,60,45,639,19.74,80.26,6.47,8.06,4.85,6.05,68.93,85.89
data/elections/presidentielles/presidentielles_2022_1er_tour.csv,ministere_bv_csv,2022_pres_t1,2022,presidentielles,1,66,Pyrénées-Orientales,,,01,1ère circonscription,66028,Cabestany,0001,66028_0001,894,216,678,9,6,663,24.16,75.84,1.01,1.33,0.67,0.88,74.16,97.79
data/elections/presidentielles/presidentielles_2022_1er_tour.csv,ministere_bv_csv,2022_pres_t1,2022,presidentielles,1,66,Pyrénées-Orientales,,,01,1ère circonscription,66028,Cabestany,0002,66028_0002,919,209,710,7,12,691,22.74,77.26,0.76,0.99,1.31,1.69,75.19,97.32
data/elections/presidentielles/presidentielles_2022_1er_tour.csv,ministere_bv_csv,2022_pres_t1,2022,presidentielles,1,66,Pyrénées-Orientales,,,01,1ère circonscription,66028,Cabestany,0003,66028_0003,888,216,672,7,7,658,24.32,75.68,0.79,1.04,0.79,1.04,74.1,97.92
data/elections/presidentielles/presidentielles_2022_1er_tour.csv,ministere_bv_csv,2022_pres_t1,2022,presidentielles,1,66,Pyrénées-Orientales,,,01,1ère circonscription,66028,Cabestany,0004,66028_0004,825,220,605,8,8,589,26.67,73.33,0.97,1.32,0.97,1.32,71.39,97.36
data/elections/presidentielles/presidentielles_2022_1er_tour.csv,ministere_bv_csv,2022_pres_t1,2022,presidentielles,1,66,Pyrénées-Orientales,,,01,1ère circonscription,66028,Cabestany,0005,66028_0005,823,173,650,8,1,641,21.02,78.98,0.97,1.23,0.12,0.15,77.89,98.62
data/elections/presidentielles/presidentielles_2022_1er_tour.csv,ministere_bv_csv,2022_pres_t1,2022,presidentielles,1,66,Pyrénées-Orientales,,,01,1ère circonscription,66028,Cabestany,0006,66028_0006,916,195,721,14,12,695,21.29,78.71,1.53,1.94,1.31,1.66,75.87,96.39
data/elections/presidentielles/presidentielles_2022_1er_tour.csv,ministere_bv_csv,2022_pres_t1,2022,presidentielles,1,66,Pyrénées-Orientales,,,01,1ère circonscription,66028,Cabestany,0007,66028_0007,944,185,759,20,1,738,19.6,80.4,2.12,2.64,0.11,0.13,78.18,97.23
data/elections/presidentielles/presidentielles_2022_1er_tour.csv,ministere_bv_csv,2022_pres_t1,2022,presidentielles,1,66,Pyrénées-Orientales,,,01,1ère circonscription,66028,Cabestany,0008,66028_0008,944,216,728,13,6,709,22.88,77.12,1.38,1.79,0.64,0.82,75.11,97.39
data/elections/presidentielles/presidentielles_2022_1er_tour.csv,ministere_bv_csv,2022_pres_t1,2022,presidentielles,1,66,Pyrénées-Orientales,,,01,1ère circonscription,66028,Cabestany,0009,66028_0009,1016,229,787,14,9,764,22.54,77.46,1.38,1.78,0.89,1.14,75.2,97.08
data/elections/presidentielles/presidentielles_2022_2eme_tour.csv,ministere_bv_csv,2022_pres_t2,2022,presidentielles,2,66,Pyrénées-Orientales,,,01,1ère circonscription,66028,Cabestany,0001,66028_0001,894,235,659,45,24,590,26.29,73.71,5.03,6.83,2.68,3.64,66,89.53
data/elections/presidentielles/presidentielles_2022_2eme_tour.csv,ministere_bv_csv,2022_pres_t2,2022,presidentielles,2,66,Pyrénées-Orientales,,,01,1ère circonscription,66028,Cabestany,0002,66028_0002,919,224,695,16,28,651,24.37,75.63,1.74,2.3,3.05,4.03,70.84,93.67
data/elections/presidentielles/presidentielles_2022_2eme_tour.csv,ministere_bv_csv,2022_pres_t2,2022,presidentielles,2,66,Pyrénées-Orientales,,,01,1ère circonscription,66028,Cabestany,0003,66028_0003,889,226,663,48,21,594,25.42,74.58,5.4,7.24,2.36,3.17,66.82,89.59
data/elections/presidentielles/presidentielles_2022_2eme_tour.csv,ministere_bv_csv,2022_pres_t2,2022,presidentielles,2,66,Pyrénées-Orientales,,,01,1ère circonscription,66028,Cabestany,0004,66028_0004,826,223,603,40,30,533,27,73,4.84,6.63,3.63,4.98,64.53,88.39
data/elections/presidentielles/presidentielles_2022_2eme_tour.csv,ministere_bv_csv,2022_pres_t2,2022,presidentielles,2,66,Pyrénées-Orientales,,,01,1ère circonscription,66028,Cabestany,0005,66028_0005,824,207,617,40,22,555,25.12,74.88,4.85,6.48,2.67,3.57,67.35,89.95
data/elections/presidentielles/presidentielles_2022_2eme_tour.csv,ministere_bv_csv,2022_pres_t2,2022,presidentielles,2,66,Pyrénées-Orientales,,,01,1ère circonscription,66028,Cabestany,0006,66028_0006,916,230,686,50,19,617,25.11,74.89,5.46,7.29,2.07,2.77,67.36,89.94
data/elections/presidentielles/presidentielles_2022_2eme_tour.csv,ministere_bv_csv,2022_pres_t2,2022,presidentielles,2,66,Pyrénées-Orientales,,,01,1ère circonscription,66028,Cabestany,0007,66028_0007,947,213,734,61,7,666,22.49,77.51,6.44,8.31,0.74,0.95,70.33,90.74
data/elections/presidentielles/presidentielles_2022_2eme_tour.csv,ministere_bv_csv,2022_pres_t2,2022,presidentielles,2,66,Pyrénées-Orientales,,,01,1ère circonscription,66028,Cabestany,0008,66028_0008,945,224,721,47,14,660,23.7,76.3,4.97,6.52,1.48,1.94,69.84,91.54
data/elections/presidentielles/presidentielles_2022_2eme_tour.csv,ministere_bv_csv,2022_pres_t2,2022,presidentielles,2,66,Pyrénées-Orientales,,,01,1ère circonscription,66028,Cabestany,0009,66028_0009,1016,243,773,50,23,700,23.92,76.08,4.92,6.47,2.26,2.98,68.9,90.56
data/elections/regionales/regionales_2010_1er_tour.csv,ministere_bv_csv,2010_regi_t1,2010,regionales,1,66,Pyrénées-Orientales,,,,,66028,Cabestany,0001,66028_0001,1029,488,541,,22,519,47.42,52.58,,,2.14,4.07,50.44,95.93
data/elections/regionales/regionales_2010_1er_tour.csv,ministere_bv_csv,2010_regi_t1,2010,regionales,1,66,Pyrénées-Orientales,,,,,66028,Cabestany,0002,66028_0002,929,453,476,,15,461,48.76,51.24,,,1.61,3.15,49.62,96.85
data/elections/regionales/regionales_2010_1er_tour.csv,ministere_bv_csv,2010_regi_t1,2010,regionales,1,66,Pyrénées-Orientales,,,,,66028,Cabestany,0003,66028_0003,841,452,389,,12,377,53.75,46.25,,,1.43,3.08,44.83,96.92
data/elections/regionales/regionales_2010_1er_tour.csv,ministere_bv_csv,2010_regi_t1,2010,regionales,1,66,Pyrénées-Orientales,,,,,66028,Cabestany,0004,66028_0004,973,462,511,,17,494,47.48,52.52,,,1.75,3.33,50.77,96.67
data/elections/regionales/regionales_2010_1er_tour.csv,ministere_bv_csv,2010_regi_t1,2010,regionales,1,66,Pyrénées-Orientales,,,,,66028,Cabestany,0005,66028_0005,1071,575,496,,14,482,53.69,46.31,,,1.31,2.82,45,97.18
data/elections/regionales/regionales_2010_1er_tour.csv,ministere_bv_csv,2010_regi_t1,2010,regionales,1,66,Pyrénées-Orientales,,,,,66028,Cabestany,0006,66028_0006,1031,552,479,,13,466,53.54,46.46,,,1.26,2.71,45.2,97.29
data/elections/regionales/regionales_2010_1er_tour.csv,ministere_bv_csv,2010_regi_t1,2010,regionales,1,66,Pyrénées-Orientales,,,,,66028,Cabestany,0007,66028_0007,1135,629,506,,17,489,55.42,44.58,,,1.5,3.36,43.08,96.64
data/elections/regionales/regionales_2010_2eme_tour.csv,ministere_bv_csv,2010_regi_t2,2010,regionales,2,66,Pyrénées-Orientales,,,,,66028,Cabestany,0001,66028_0001,1029,462,567,,57,510,44.9,55.1,,,5.54,10.05,49.56,89.95
data/elections/regionales/regionales_2010_2eme_tour.csv,ministere_bv_csv,2010_regi_t2,2010,regionales,2,66,Pyrénées-Orientales,,,,,66028,Cabestany,0002,66028_0002,929,421,508,,33,475,45.32,54.68,,,3.55,6.5,51.13,93.5
data/elections/regionales/regionales_2010_2eme_tour.csv,ministere_bv_csv,2010_regi_t2,2010,regionales,2,66,Pyrénées-Orientales,,,,,66028,Cabestany,0003,66028_0003,841,423,418,,33,385,50.3,49.7,,,3.92,7.89,45.78,92.11
data/elections/regionales/regionales_2010_2eme_tour.csv,ministere_bv_csv,2010_regi_t2,2010,regionales,2,66,Pyrénées-Orientales,,,,,66028,Cabestany,0004,66028_0004,973,429,544,,38,506,44.09,55.91,,,3.91,6.99,52,93.01
data/elections/regionales/regionales_2010_2eme_tour.csv,ministere_bv_csv,2010_regi_t2,2010,regionales,2,66,Pyrénées-Orientales,,,,,66028,Cabestany,0005,66028_0005,1071,512,559,,60,499,47.81,52.19,,,5.6,10.73,46.59,89.27
data/elections/regionales/regionales_2010_2eme_tour.csv,ministere_bv_csv,2010_regi_t2,2010,regionales,2,66,Pyrénées-Orientales,,,,,66028,Cabestany,0006,66028_0006,1031,516,515,,39,476,50.05,49.95,,,3.78,7.57,46.17,92.43
data/elections/regionales/regionales_2010_2eme_tour.csv,ministere_bv_csv,2010_regi_t2,2010,regionales,2,66,Pyrénées-Orientales,,,,,66028,Cabestany,0007,66028_0007,1135,595,540,,42,498,52.42,47.58,,,3.7,7.78,43.88,92.22
data/elections/regionales/regionales_2015_1er_tour.csv,ministere_bv_csv,2015_regi_t1,2015,regionales,1,66,Pyrénées-Orientales,,,,,66028,Cabestany,0001,66028_0001,1335,616,719,,20,699,46.14,53.86,,,1.5,2.78,52.36,97.22
data/elections/regionales/regionales_2015_1er_tour.csv,ministere_bv_csv,2015_regi_t1,2015,regionales,1,66,Pyrénées-Orientales,,,,,66028,Cabestany,0002,66028_0002,1020,460,560,,24,536,45.1,54.9,,,2.35,4.29,52.55,95.71
data/elections/regionales/regionales_2015_1er_tour.csv,ministere_bv_csv,2015_regi_t1,2015,regionales,1,66,Pyrénées-Orientales,,,,,66028,Cabestany,0003,66028_0003,812,368,444,,25,419,45.32,54.68,,,3.08,5.63,51.6,94.37
data/elections/regionales/regionales_2015_1er_tour.csv,ministere_bv_csv,2015_regi_t1,2015,regionales,1,66,Pyrénées-Orientales,,,,,66028,Cabestany,0004,66028_0004,1096,465,631,,27,604,42.43,57.57,,,2.46,4.28,55.11,95.72
data/elections/regionales/regionales_2015_1er_tour.csv,ministere_bv_csv,2015_regi_t1,2015,regionales,1,66,Pyrénées-Orientales,,,,,66028,Cabestany,0005,66028_0005,1200,547,653,,35,618,45.58,54.42,,,2.92,5.36,51.5,94.64
data/elections/regionales/regionales_2015_1er_tour.csv,ministere_bv_csv,2015_regi_t1,2015,regionales,1,66,Pyrénées-Orientales,,,,,66028,Cabestany,0006,66028_0006,1027,459,568,,22,546,44.69,55.31,,,2.14,3.87,53.16,96.13
data/elections/regionales/regionales_2015_1er_tour.csv,ministere_bv_csv,2015_regi_t1,2015,regionales,1,66,Pyrénées-Orientales,,,,,66028,Cabestany,0007,66028_0007,1264,624,640,,24,616,49.37,50.63,,,1.9,3.75,48.73,96.25
data/elections/regionales/regionales_2015_2eme_tour.csv,ministere_bv_csv,2015_regi_t2,2015,regionales,2,66,Pyrénées-Orientales,,,,,66028,Cabestany,0001,66028_0001,1335,464,871,,44,827,34.76,65.24,,,3.3,5.05,61.95,94.95
data/elections/regionales/regionales_2015_2eme_tour.csv,ministere_bv_csv,2015_regi_t2,2015,regionales,2,66,Pyrénées-Orientales,,,,,66028,Cabestany,0002,66028_0002,1022,366,656,,16,640,35.81,64.19,,,1.57,2.44,62.62,97.56
data/elections/regionales/regionales_2015_2eme_tour.csv,ministere_bv_csv,2015_regi_t2,2015,regionales,2,66,Pyrénées-Orientales,,,,,66028,Cabestany,0003,66028_0003,812,297,515,,38,477,36.58,63.42,,,4.68,7.38,58.74,92.62
data/elections/regionales/regionales_2015_2eme_tour.csv,ministere_bv_csv,2015_regi_t2,2015,regionales,2,66,Pyrénées-Orientales,,,,,66028,Cabestany,0004,66028_0004,1096,377,719,,31,688,34.4,65.6,,,2.83,4.31,62.77,95.69
data/elections/regionales/regionales_2015_2eme_tour.csv,ministere_bv_csv,2015_regi_t2,2015,regionales,2,66,Pyrénées-Orientales,,,,,66028,Cabestany,0005,66028_0005,1200,456,744,,51,693,38,62,,,4.25,6.85,57.75,93.15
data/elections/regionales/regionales_2015_2eme_tour.csv,ministere_bv_csv,2015_regi_t2,2015,regionales,2,66,Pyrénées-Orientales,,,,,66028,Cabestany,0006,66028_0006,1027,357,670,,32,638,34.76,65.24,,,3.12,4.78,62.12,95.22
data/elections/regionales/regionales_2015_2eme_tour.csv,ministere_bv_csv,2015_regi_t2,2015,regionales,2,66,Pyrénées-Orientales,,,,,66028,Cabestany,0007,66028_0007,1264,477,787,,30,757,37.74,62.26,,,2.37,3.81,59.89,96.19
data/elections/regionales/regionales_2021_1er_tour.csv,ministere_bv_csv,2021_regi_t1,2021,regionales,1,66,Pyrénées-Orientales,,,,,66028,Cabestany,0001,66028_0001,892,616,276,8,4,264,69.06,30.94,0.9,2.9,0.45,1.45,29.6,95.65
data/elections/regionales/regionales_2021_1er_tour.csv,ministere_bv_csv,2021_regi_t1,2021,regionales,1,66,Pyrénées-Orientales,,,,,66028,Cabestany,0002,66028_0002,907,612,295,6,8,281,67.48,32.52,0.66,2.03,0.88,2.71,30.98,95.25
data/elections/regionales/regionales_2021_1er_tour.csv,ministere_bv_csv,2021_regi_t1,2021,regionales,1,66,Pyrénées-Orientales,,,,,66028,Cabestany,0003,66028_0003,880,629,251,6,4,241,71.48,28.52,0.68,2.39,0.45,1.59,27.39,96.02
data/elections/regionales/regionales_2021_1er_tour.csv,ministere_bv_csv,2021_regi_t1,2021,regionales,1,66,Pyrénées-Orientales,,,,,66028,Cabestany,0004,66028_0004,806,550,256,8,3,245,68.24,31.76,0.99,3.12,0.37,1.17,30.4,95.7
data/elections/regionales/regionales_2021_1er_tour.csv,ministere_bv_csv,2021_regi_t1,2021,regionales,1,66,Pyrénées-Orientales,,,,,66028,Cabestany,0005,66028_0005,823,554,269,7,4,258,67.31,32.69,0.85,2.6,0.49,1.49,31.35,95.91
data/elections/regionales/regionales_2021_1er_tour.csv,ministere_bv_csv,2021_regi_t1,2021,regionales,1,66,Pyrénées-Orientales,,,,,66028,Cabestany,0006,66028_0006,907,588,319,7,5,307,64.83,35.17,0.77,2.19,0.55,1.57,33.85,96.24
data/elections/regionales/regionales_2021_1er_tour.csv,ministere_bv_csv,2021_regi_t1,2021,regionales,1,66,Pyrénées-Orientales,,,,,66028,Cabestany,0007,66028_0007,932,597,335,6,3,326,64.06,35.94,0.64,1.79,0.32,0.9,34.98,97.31
data/elections/regionales/regionales_2021_1er_tour.csv,ministere_bv_csv,2021_regi_t1,2021,regionales,1,66,Pyrénées-Orientales,,,,,66028,Cabestany,0008,66028_0008,942,627,315,6,4,305,66.56,33.44,0.64,1.9,0.42,1.27,32.38,96.83
data/elections/regionales/regionales_2021_1er_tour.csv,ministere_bv_csv,2021_regi_t1,2021,regionales,1,66,Pyrénées-Orientales,,,,,66028,Cabestany,0009,66028_0009,983,629,354,11,0,343,63.99,36.01,1.12,3.11,0,0,34.89,96.89
data/elections/regionales/regionales_2021_2eme_tour.csv,ministere_bv_csv,2021_regi_t2,2021,regionales,2,66,Pyrénées-Orientales,,,,,66028,Cabestany,0001,66028_0001,892,586,306,6,8,292,65.7,34.3,0.67,1.96,0.9,2.61,32.74,95.42
data/elections/regionales/regionales_2021_2eme_tour.csv,ministere_bv_csv,2021_regi_t2,2021,regionales,2,66,Pyrénées-Orientales,,,,,66028,Cabestany,0002,66028_0002,907,568,339,0,10,329,62.62,37.38,0,0,1.1,2.95,36.27,97.05
data/elections/regionales/regionales_2021_2eme_tour.csv,ministere_bv_csv,2021_regi_t2,2021,regionales,2,66,Pyrénées-Orientales,,,,,66028,Cabestany,0003,66028_0003,880,610,270,7,6,257,69.32,30.68,0.8,2.59,0.68,2.22,29.2,95.19
data/elections/regionales/regionales_2021_2eme_tour.csv,ministere_bv_csv,2021_regi_t2,2021,regionales,2,66,Pyrénées-Orientales,,,,,66028,Cabestany,0004,66028_0004,806,516,290,8,3,279,64.02,35.98,0.99,2.76,0.37,1.03,34.62,96.21
data/elections/regionales/regionales_2021_2eme_tour.csv,ministere_bv_csv,2021_regi_t2,2021,regionales,2,66,Pyrénées-Orientales,,,,,66028,Cabestany,0005,66028_0005,823,516,307,7,1,299,62.7,37.3,0.85,2.28,0.12,0.33,36.33,97.39
data/elections/regionales/regionales_2021_2eme_tour.csv,ministere_bv_csv,2021_regi_t2,2021,regionales,2,66,Pyrénées-Orientales,,,,,66028,Cabestany,0006,66028_0006,907,567,340,9,6,325,62.51,37.49,0.99,2.65,0.66,1.76,35.83,95.59
data/elections/regionales/regionales_2021_2eme_tour.csv,ministere_bv_csv,2021_regi_t2,2021,regionales,2,66,Pyrénées-Orientales,,,,,66028,Cabestany,0007,66028_0007,932,554,378,6,4,368,59.44,40.56,0.64,1.59,0.43,1.06,39.48,97.35
data/elections/regionales/regionales_2021_2eme_tour.csv,ministere_bv_csv,2021_regi_t2,2021,regionales,2,66,Pyrénées-Orientales,,,,,66028,Cabestany,0008,66028_0008,942,595,347,7,5,335,63.16,36.84,0.74,2.02,0.53,1.44,35.56,96.54
data/elections/regionales/regionales_2021_2eme_tour.csv,ministere_bv_csv,2021_regi_t2,2021,regionales,2,66,Pyrénées-Orientales,,,,,66028,Cabestany,0009,66028_0009,983,611,372,8,6,358,62.16,37.84,0.81,2.15,0.61,1.61,36.42,96.24
